{"lastInput":{"dependencies":["meteor-base","mobile-experience","mongo","blaze-html-templates","reactive-var","tracker","standard-minifier-css","standard-minifier-js","es5-shim","ecmascript","shell-server","autopublish","insecure","http"],"constraints":["meteor-base@1.2.0-rc.16","mobile-experience@1.0.5","mongo@1.3.0-rc.16","blaze-html-templates@1.0.4","reactive-var@1.0.11","tracker@1.1.3","standard-minifier-css@1.3.5","standard-minifier-js@2.2.0-rc.16","es5-shim@4.6.15","ecmascript@0.9.0-rc.16","shell-server@0.3.0-rc.16","autopublish@1.0.7","insecure@1.0.7","http","accounts-base@~1.4.0-rc.16","accounts-facebook@~1.3.0-rc.16","accounts-github@~1.4.0-rc.16","accounts-google@~1.3.0-rc.16","accounts-meetup@~1.4.0-rc.16","accounts-meteor-developer@~1.4.0-rc.16","accounts-oauth@~1.1.15","accounts-password@~1.5.0-rc.16","accounts-twitter@~1.4.0-rc.16","accounts-ui-unstyled@~1.3.0-rc.16","accounts-ui@~1.2.0-rc.16","accounts-weibo@~1.3.0-rc.16","allow-deny@~1.1.0-rc.16","appcache@~1.1.0-rc.16","audit-argument-checks@~1.0.7","autopublish@~1.0.7","autoupdate@~1.3.12","babel-compiler@~6.24.7-rc.16","babel-runtime@~1.1.1-rc.16","base64@~1.0.10","binary-heap@~1.0.10","boilerplate-generator-tests@~1.1.0-rc.16","boilerplate-generator@~1.3.0-rc.16","browser-policy-common@~1.0.11","browser-policy-content@~1.1.0","browser-policy-framing@~1.1.0","browser-policy@~1.1.0","caching-compiler@~1.1.9","callback-hook@~1.0.10","check@~1.2.5","constraint-solver@~1.1.1","crosswalk@~1.7.1","ddp-client@~2.2.0-rc.16","ddp-common@~1.3.0-rc.16","ddp-rate-limiter@~1.0.7","ddp-server@~2.1.0-rc.16","ddp@~1.4.0-rc.16","deps@~1.0.12","diff-sequence@~1.0.7","disable-oplog@~1.0.7","dynamic-import@~0.2.0-rc.16","ecmascript-runtime-client@~0.5.0-rc.16","ecmascript-runtime-server@~0.5.0-rc.16","ecmascript-runtime@~0.5.0-rc.16","ecmascript@~0.9.0-rc.16","ejson@~1.1.0-rc.16","email@~1.2.3","es5-shim@~4.6.15","facebook-config-ui@~1.0.0","facebook-oauth@~1.4.0-rc.16","facts@~1.0.9","force-ssl-common@~1.1.0-rc.16","force-ssl@~1.1.0-rc.16","geojson-utils@~1.0.10","github-config-ui@~1.0.0","github-oauth@~1.2.0","google-config-ui@~1.0.0","google-oauth@~1.2.4","hot-code-push@~1.0.4","http@~1.3.0-rc.16","id-map@~1.0.9","insecure@~1.0.7","jquery@~1.11.10","jshint@~1.1.7","jsparse@~1.0.10","launch-screen@~1.1.1","less@~2.7.11-rc.16","livedata@~1.0.18","localstorage@~1.2.0-rc.16","logging@~1.1.19","logic-solver@~2.0.7","markdown@~1.0.12","meetup-config-ui@~1.0.0","meetup-oauth@~1.0.1","meteor-base@~1.2.0-rc.16","meteor-developer-config-ui@~1.0.0","meteor-developer-oauth@~1.2.0","meteor@~1.8.0-rc.16","meyerweb-reset@~1.0.7","minifier-css@~1.2.16","minifier-js@~2.2.0-rc.16","minimongo@~1.4.0-rc.16","mobile-experience@~1.0.5","mobile-status-bar@~1.0.14","modules-runtime@~0.9.0-rc.16","modules@~0.11.0-rc.16","mongo-dev-server@~1.1.0-rc.16","mongo-id@~1.0.6","mongo-livedata@~1.0.12","mongo@~1.3.0-rc.16","npm-bcrypt@~0.9.3","npm-mongo@~2.2.33","oauth-encryption@~1.3.0-rc.16","oauth@~1.2.0-rc.16","oauth1@~1.2.0-rc.16","oauth2@~1.2.0-rc.16","observe-sequence@~1.0.16","ordered-dict@~1.0.9","package-stats-opt-out@~1.0.7","package-version-parser@~3.0.10","promise@~0.10.0-rc.16","random@~1.0.10","rate-limit@~1.0.8","reactive-dict@~1.2.0-rc.16","reactive-var@~1.0.11","reload-safetybelt@~1.0.12","reload@~1.1.11","retry@~1.0.9","routepolicy@~1.0.12","server-render@~0.2.0-rc.16","service-configuration@~1.0.11","session@~1.1.7","sha@~1.0.9","shell-server@~0.3.0-rc.16","showdown@~1.0.8","srp@~1.0.10","standard-minifier-css@~1.3.5","standard-minifier-js@~2.2.0-rc.16","standard-minifiers@~1.1.0","stylus@~2.513.13-rc.16","test-helpers@~1.0.11","test-in-browser@~1.1.0-rc.16","test-in-console@~1.1.0-rc.16","test-server-tests-in-console-once@~1.0.11","tinytest-harness@~0.0.4","tinytest@~1.0.12","tracker@~1.1.3","twitter-config-ui@~1.0.0","twitter-oauth@~1.2.0","underscore-tests@~1.0.8","underscore@~1.0.10","url@~1.1.0","webapp-hashing@~1.0.9","webapp@~1.4.0-rc.16","weibo-config-ui@~1.0.0","weibo-oauth@~1.2.0","xmlbuilder@~2.5.15"],"anticipatedPrereleases":{"meteor-base":{"1.2.0-rc.16":true},"mongo":{"1.3.0-rc.16":true},"standard-minifier-js":{"2.2.0-rc.16":true},"ecmascript":{"0.9.0-rc.16":true},"shell-server":{"0.3.0-rc.16":true},"accounts-base":{"1.4.0-rc.16":true},"accounts-facebook":{"1.3.0-rc.16":true},"accounts-github":{"1.4.0-rc.16":true},"accounts-google":{"1.3.0-rc.16":true},"accounts-meetup":{"1.4.0-rc.16":true},"accounts-meteor-developer":{"1.4.0-rc.16":true},"accounts-password":{"1.5.0-rc.16":true},"accounts-twitter":{"1.4.0-rc.16":true},"accounts-ui-unstyled":{"1.3.0-rc.16":true},"accounts-ui":{"1.2.0-rc.16":true},"accounts-weibo":{"1.3.0-rc.16":true},"allow-deny":{"1.1.0-rc.16":true},"appcache":{"1.1.0-rc.16":true},"babel-compiler":{"6.24.7-rc.16":true},"babel-runtime":{"1.1.1-rc.16":true},"boilerplate-generator-tests":{"1.1.0-rc.16":true},"boilerplate-generator":{"1.3.0-rc.16":true},"ddp-client":{"2.2.0-rc.16":true},"ddp-common":{"1.3.0-rc.16":true},"ddp-server":{"2.1.0-rc.16":true},"ddp":{"1.4.0-rc.16":true},"dynamic-import":{"0.2.0-rc.16":true},"ecmascript-runtime-client":{"0.5.0-rc.16":true},"ecmascript-runtime-server":{"0.5.0-rc.16":true},"ecmascript-runtime":{"0.5.0-rc.16":true},"ejson":{"1.1.0-rc.16":true},"facebook-oauth":{"1.4.0-rc.16":true},"force-ssl-common":{"1.1.0-rc.16":true},"force-ssl":{"1.1.0-rc.16":true},"http":{"1.3.0-rc.16":true},"less":{"2.7.11-rc.16":true},"localstorage":{"1.2.0-rc.16":true},"meteor":{"1.8.0-rc.16":true},"minifier-js":{"2.2.0-rc.16":true},"minimongo":{"1.4.0-rc.16":true},"modules-runtime":{"0.9.0-rc.16":true},"modules":{"0.11.0-rc.16":true},"mongo-dev-server":{"1.1.0-rc.16":true},"oauth-encryption":{"1.3.0-rc.16":true},"oauth":{"1.2.0-rc.16":true},"oauth1":{"1.2.0-rc.16":true},"oauth2":{"1.2.0-rc.16":true},"promise":{"0.10.0-rc.16":true},"reactive-dict":{"1.2.0-rc.16":true},"server-render":{"0.2.0-rc.16":true},"stylus":{"2.513.13-rc.16":true},"test-in-browser":{"1.1.0-rc.16":true},"test-in-console":{"1.1.0-rc.16":true},"webapp":{"1.4.0-rc.16":true}},"previousSolution":{"allow-deny":"1.1.0-rc.16","autopublish":"1.0.7","autoupdate":"1.3.12","babel-compiler":"6.24.7-rc.16","babel-runtime":"1.1.1-rc.16","base64":"1.0.10","binary-heap":"1.0.10","blaze":"2.3.2","blaze-html-templates":"1.1.2","blaze-tools":"1.0.10","boilerplate-generator":"1.3.0-rc.16","caching-compiler":"1.1.9","caching-html-compiler":"1.1.2","callback-hook":"1.0.10","check":"1.2.5","ddp":"1.4.0-rc.16","ddp-client":"2.2.0-rc.16","ddp-common":"1.3.0-rc.16","ddp-server":"2.1.0-rc.16","deps":"1.0.12","diff-sequence":"1.0.7","dynamic-import":"0.2.0-rc.16","ecmascript":"0.9.0-rc.16","ecmascript-runtime":"0.5.0-rc.16","ecmascript-runtime-client":"0.5.0-rc.16","ecmascript-runtime-server":"0.5.0-rc.16","ejson":"1.1.0-rc.16","es5-shim":"4.6.15","geojson-utils":"1.0.10","hot-code-push":"1.0.4","html-tools":"1.0.11","htmljs":"1.0.11","http":"1.3.0-rc.16","id-map":"1.0.9","insecure":"1.0.7","jquery":"1.11.10","launch-screen":"1.1.1","livedata":"1.0.18","logging":"1.1.19","meteor":"1.8.0-rc.16","meteor-base":"1.2.0-rc.16","minifier-css":"1.2.16","minifier-js":"2.2.0-rc.16","minimongo":"1.4.0-rc.16","mobile-experience":"1.0.5","mobile-status-bar":"1.0.14","modules":"0.11.0-rc.16","modules-runtime":"0.9.0-rc.16","mongo":"1.3.0-rc.16","mongo-dev-server":"1.1.0-rc.16","mongo-id":"1.0.6","npm-mongo":"2.2.33","observe-sequence":"1.0.16","ordered-dict":"1.0.9","promise":"0.10.0-rc.16","random":"1.0.10","reactive-var":"1.0.11","reload":"1.1.11","retry":"1.0.9","routepolicy":"1.0.12","shell-server":"0.3.0-rc.16","spacebars":"1.0.15","spacebars-compiler":"1.1.3","standard-minifier-css":"1.3.5","standard-minifier-js":"2.2.0-rc.16","templating":"1.3.2","templating-compiler":"1.3.3","templating-runtime":"1.3.2","templating-tools":"1.1.2","tracker":"1.1.3","ui":"1.0.13","underscore":"1.0.10","url":"1.1.0","webapp":"1.4.0-rc.16","webapp-hashing":"1.0.9"}},"lastOutput":{"neededToUseUnanticipatedPrereleases":false,"answer":{"allow-deny":"1.1.0-rc.16","autopublish":"1.0.7","autoupdate":"1.3.12","babel-compiler":"6.24.7-rc.16","babel-runtime":"1.1.1-rc.16","base64":"1.0.10","binary-heap":"1.0.10","blaze":"2.3.2","blaze-html-templates":"1.1.2","blaze-tools":"1.0.10","boilerplate-generator":"1.3.0-rc.16","caching-compiler":"1.1.9","caching-html-compiler":"1.1.2","callback-hook":"1.0.10","check":"1.2.5","ddp":"1.4.0-rc.16","ddp-client":"2.2.0-rc.16","ddp-common":"1.3.0-rc.16","ddp-server":"2.1.0-rc.16","deps":"1.0.12","diff-sequence":"1.0.7","dynamic-import":"0.2.0-rc.16","ecmascript":"0.9.0-rc.16","ecmascript-runtime":"0.5.0-rc.16","ecmascript-runtime-client":"0.5.0-rc.16","ecmascript-runtime-server":"0.5.0-rc.16","ejson":"1.1.0-rc.16","es5-shim":"4.6.15","geojson-utils":"1.0.10","hot-code-push":"1.0.4","html-tools":"1.0.11","htmljs":"1.0.11","http":"1.3.0-rc.16","id-map":"1.0.9","insecure":"1.0.7","isobuild:compiler-plugin":"1.0.0","isobuild:dynamic-import":"1.5.0","isobuild:isopack-2":"1.0.0","isobuild:minifier-plugin":"1.0.0","jquery":"1.11.10","launch-screen":"1.1.1","livedata":"1.0.18","logging":"1.1.19","meteor":"1.8.0-rc.16","meteor-base":"1.2.0-rc.16","minifier-css":"1.2.16","minifier-js":"2.2.0-rc.16","minimongo":"1.4.0-rc.16","mobile-experience":"1.0.5","mobile-status-bar":"1.0.14","modules":"0.11.0-rc.16","modules-runtime":"0.9.0-rc.16","mongo":"1.3.0-rc.16","mongo-dev-server":"1.1.0-rc.16","mongo-id":"1.0.6","npm-mongo":"2.2.33","observe-sequence":"1.0.16","ordered-dict":"1.0.9","promise":"0.10.0-rc.16","random":"1.0.10","reactive-var":"1.0.11","reload":"1.1.11","retry":"1.0.9","routepolicy":"1.0.12","shell-server":"0.3.0-rc.16","spacebars":"1.0.15","spacebars-compiler":"1.1.3","standard-minifier-css":"1.3.5","standard-minifier-js":"2.2.0-rc.16","templating":"1.3.2","templating-compiler":"1.3.3","templating-runtime":"1.3.2","templating-tools":"1.1.2","tracker":"1.1.3","ui":"1.0.13","underscore":"1.0.10","url":"1.1.0","webapp":"1.4.0-rc.16","webapp-hashing":"1.0.9"}}}
