{"metadata":{"usedHelpers":[],"marked":[],"modules":{"imports":[{"source":"react","imported":["default","Component"],"specifiers":[{"kind":"named","imported":"default","local":"React"},{"kind":"named","imported":"Component","local":"Component"}]},{"source":"./Task.jsx","imported":["default"],"specifiers":[{"kind":"named","imported":"default","local":"Task"}]}],"exports":{"exported":["App"],"specifiers":[{"kind":"local","local":"App","exported":"default"}]}}},"options":{"filename":"import/ui/app.jsx","filenameRelative":"import/ui/app.jsx","env":{"development":{"plugins":[]}},"retainLines":false,"highlightCode":true,"suppressDeprecationMessages":false,"presets":[],"plugins":[[[],null],[[],null],[[],null],[[],null],[[],null],[[],null],[[],{"generateLetDeclarations":true,"enforceStrictMode":false}],[[],{"polyfill":false}],[[],null],[[],null],[[],null],[[],{"useNativeAsyncAwait":false}],[[],null],[[],null],[[],{"allowTopLevelThis":true,"strict":false,"loose":true}]],"ignore":[],"code":true,"metadata":true,"ast":true,"comments":true,"compact":false,"minified":false,"sourceMap":true,"sourceMaps":true,"sourceMapTarget":"import/ui/app.jsx.map","sourceFileName":"import/ui/app.jsx","babelrc":false,"sourceType":"module","moduleIds":false,"passPerPreset":false,"parserOpts":false,"generatorOpts":false,"basename":"app"},"ignored":false,"code":"module.export({\n  default: () => App\n});\nlet React, Component;\nmodule.watch(require(\"react\"), {\n  default(v) {\n    React = v;\n  },\n\n  Component(v) {\n    Component = v;\n  }\n\n}, 0);\nlet Task;\nmodule.watch(require(\"./Task.jsx\"), {\n  default(v) {\n    Task = v;\n  }\n\n}, 1);\n\nclass App extends Component {\n  getTasks() {\n    return [{\n      _id: 1,\n      text: 'This is task 1'\n    }, {\n      _id: 2,\n      text: 'This is task 2'\n    }, {\n      _id: 3,\n      text: 'This is task 3'\n    }];\n  }\n\n  renderTasks() {\n    return this.getTasks().map(task => React.createElement(Task, {\n      key: task._id,\n      task: task\n    }));\n  }\n\n  render() {\n    return React.createElement(\n      \"div\",\n      {\n        className: \"container\"\n      },\n      React.createElement(\n        \"header\",\n        null,\n        React.createElement(\n          \"h1\",\n          null,\n          \"Todo List\"\n        )\n      ),\n      React.createElement(\n        \"ul\",\n        null,\n        this.renderTasks()\n      )\n    );\n  }\n\n}","map":{"version":3,"sources":["import/ui/app.jsx"],"names":["module","export","default","App","React","Component","watch","require","v","Task","getTasks","_id","text","renderTasks","map","task","render"],"mappings":"AAAAA,OAAOC,MAAP,CAAc;AAACC,WAAQ,MAAIC;AAAb,CAAd;AAAiC,IAAIC,KAAJ,EAAUC,SAAV;AAAoBL,OAAOM,KAAP,CAAaC,QAAQ,OAAR,CAAb,EAA8B;AAACL,UAAQM,CAAR,EAAU;AAACJ,YAAMI,CAAN;AAAQ,GAApB;;AAAqBH,YAAUG,CAAV,EAAY;AAACH,gBAAUG,CAAV;AAAY;;AAA9C,CAA9B,EAA8E,CAA9E;AAAiF,IAAIC,IAAJ;AAAST,OAAOM,KAAP,CAAaC,QAAQ,YAAR,CAAb,EAAmC;AAACL,UAAQM,CAAR,EAAU;AAACC,WAAKD,CAAL;AAAO;;AAAnB,CAAnC,EAAwD,CAAxD;;AAKhI,MAAML,GAAN,SAAkBE,SAAlB,CAA4B;AACzCK,aAAW;AACT,WAAO,CACL;AAAEC,WAAK,CAAP;AAAUC,YAAM;AAAhB,KADK,EAEL;AAAED,WAAK,CAAP;AAAUC,YAAM;AAAhB,KAFK,EAGL;AAAED,WAAK,CAAP;AAAUC,YAAM;AAAhB,KAHK,CAAP;AAKD;;AAEDC,gBAAc;AACZ,WAAO,KAAKH,QAAL,GAAgBI,GAAhB,CAAqBC,IAAD,IACzB,oBAAC,IAAD;AAAM,WAAKA,KAAKJ,GAAhB;AAAqB,YAAMI;AAA3B,MADK,CAAP;AAGD;;AAEDC,WAAS;AACP,WACE;AAAA;AAAA;AAAK,mBAAU;AAAf;AACE;AAAA;AAAA;AACE;AAAA;AAAA;AAAA;AAAA;AADF,OADF;AAKE;AAAA;AAAA;AACG,aAAKH,WAAL;AADH;AALF,KADF;AAWD;;AA3BwC","file":"import/ui/app.jsx.map","sourcesContent":["import React, { Component } from 'react';\n \nimport Task from './Task.jsx';\n \n// App component - represents the whole app\nexport default class App extends Component {\n  getTasks() {\n    return [\n      { _id: 1, text: 'This is task 1' },\n      { _id: 2, text: 'This is task 2' },\n      { _id: 3, text: 'This is task 3' },\n    ];\n  }\n \n  renderTasks() {\n    return this.getTasks().map((task) => (\n      <Task key={task._id} task={task} />\n    ));\n  }\n \n  render() {\n    return (\n      <div className=\"container\">\n        <header>\n          <h1>Todo List</h1>\n        </header>\n \n        <ul>\n          {this.renderTasks()}\n        </ul>\n      </div>\n    );\n  }\n}"]},"hash":"09efa84b968415cf4397ca4d210abfd61db4286b"}
