{"metadata":{"usedHelpers":[],"marked":[],"modules":{"imports":[],"exports":{"exported":["meteorRuntimeConfig","rootUrlPathPrefix","inlineScriptsAllowed","css","js","additionalStaticJs","htmlAttributes","bundledJsCssUrlRewriteHook","head","body","dynamicHead","dynamicBody"],"specifiers":[{"kind":"local","local":"meteorRuntimeConfig","exported":"default"},{"kind":"local","local":"rootUrlPathPrefix","exported":"default"},{"kind":"local","local":"inlineScriptsAllowed","exported":"default"},{"kind":"local","local":"css","exported":"default"},{"kind":"local","local":"js","exported":"default"},{"kind":"local","local":"additionalStaticJs","exported":"default"},{"kind":"local","local":"htmlAttributes","exported":"default"},{"kind":"local","local":"bundledJsCssUrlRewriteHook","exported":"default"},{"kind":"local","local":"head","exported":"default"},{"kind":"local","local":"body","exported":"default"},{"kind":"local","local":"dynamicHead","exported":"default"},{"kind":"local","local":"dynamicBody","exported":"default"}]}}},"options":{"filename":"packages/boilerplate-generator/template-web.browser.js","filenameRelative":"packages/boilerplate-generator/template-web.browser.js","env":{"development":{"plugins":[]}},"retainLines":false,"highlightCode":true,"suppressDeprecationMessages":false,"presets":[],"plugins":[[[],null],[[],null],[[],null],[[],null],[[],null],[[],null],[[],{"generateLetDeclarations":true,"enforceStrictMode":false}],[[],{"polyfill":false}],[[],null],[[],null],[[],null],[[],{"useNativeAsyncAwait":false}],[[],null],[[],null],[[],{"allowTopLevelThis":true,"strict":false,"loose":true}]],"ignore":[],"code":true,"metadata":true,"ast":true,"comments":true,"compact":false,"minified":false,"sourceMap":true,"sourceMaps":true,"sourceMapTarget":"packages/boilerplate-generator/template-web.browser.js.map","sourceFileName":"packages/boilerplate-generator/template-web.browser.js","babelrc":false,"sourceType":"module","moduleIds":false,"passPerPreset":false,"parserOpts":false,"generatorOpts":false,"basename":"template-web.browser"},"ignored":false,"code":"module.exportDefault(function ({\n  meteorRuntimeConfig,\n  rootUrlPathPrefix,\n  inlineScriptsAllowed,\n  css,\n  js,\n  additionalStaticJs,\n  htmlAttributes,\n  bundledJsCssUrlRewriteHook,\n  head,\n  body,\n  dynamicHead,\n  dynamicBody\n}) {\n  return [].concat(['<html' + _.map(htmlAttributes, (value, key) => _.template(' <%= attrName %>=\"<%- attrValue %>\"')({\n    attrName: key,\n    attrValue: value\n  })).join('') + '>', '<head>'], _.map(css, ({\n    url\n  }) => _.template('  <link rel=\"stylesheet\" type=\"text/css\" class=\"__meteor-css__\" href=\"<%- href %>\">')({\n    href: bundledJsCssUrlRewriteHook(url)\n  })), [head, dynamicHead, '</head>', '<body>', body, dynamicBody, '', inlineScriptsAllowed ? _.template('  <script type=\"text/javascript\">__meteor_runtime_config__ = JSON.parse(decodeURIComponent(<%= conf %>))</script>')({\n    conf: meteorRuntimeConfig\n  }) : _.template('  <script type=\"text/javascript\" src=\"<%- src %>/meteor_runtime_config.js\"></script>')({\n    src: rootUrlPathPrefix\n  }), ''], _.map(js, ({\n    url\n  }) => _.template('  <script type=\"text/javascript\" src=\"<%- src %>\"></script>')({\n    src: bundledJsCssUrlRewriteHook(url)\n  })), _.map(additionalStaticJs, ({\n    contents,\n    pathname\n  }) => inlineScriptsAllowed ? _.template('  <script><%= contents %></script>')({\n    contents: contents\n  }) : _.template('  <script type=\"text/javascript\" src=\"<%- src %>\"></script>')({\n    src: rootUrlPathPrefix + pathname\n  })), ['', '', '</body>', '</html>']).join('\\n');\n});","map":{"version":3,"sources":["packages/boilerplate-generator/template-web.browser.js"],"names":["module","exportDefault","meteorRuntimeConfig","rootUrlPathPrefix","inlineScriptsAllowed","css","js","additionalStaticJs","htmlAttributes","bundledJsCssUrlRewriteHook","head","body","dynamicHead","dynamicBody","concat","_","map","value","key","template","attrName","attrValue","join","url","href","conf","src","contents","pathname"],"mappings":"AAAAA,OAAOC,aAAP,CAEe,UAAS;AACtBC,qBADsB;AAEtBC,mBAFsB;AAGtBC,sBAHsB;AAItBC,KAJsB;AAKtBC,IALsB;AAMtBC,oBANsB;AAOtBC,gBAPsB;AAQtBC,4BARsB;AAStBC,MATsB;AAUtBC,MAVsB;AAWtBC,aAXsB;AAYtBC;AAZsB,CAAT,EAaZ;AACD,SAAO,GAAGC,MAAH,CACL,CACE,UAASC,EAAEC,GAAF,CAAMR,cAAN,EAAsB,CAACS,KAAD,EAAQC,GAAR,KAC7BH,EAAEI,QAAF,CAAW,qCAAX,EAAkD;AAChDC,cAAUF,GADsC;AAEhDG,eAAWJ;AAFqC,GAAlD,CADO,EAKPK,IALO,CAKF,EALE,CAAT,GAKa,GANf,EAOE,QAPF,CADK,EAWLP,EAAEC,GAAF,CAAMX,GAAN,EAAW,CAAC;AAACkB;AAAD,GAAD,KACTR,EAAEI,QAAF,CAAW,qFAAX,EAAkG;AAChGK,UAAMf,2BAA2Bc,GAA3B;AAD0F,GAAlG,CADF,CAXK,EAiBL,CACEb,IADF,EAEEE,WAFF,EAGE,SAHF,EAIE,QAJF,EAKED,IALF,EAMEE,WANF,EAOE,EAPF,EAQGT,uBACGW,EAAEI,QAAF,CAAW,mHAAX,EAAgI;AAChIM,UAAMvB;AAD0H,GAAhI,CADH,GAIGa,EAAEI,QAAF,CAAW,sFAAX,EAAmG;AACnGO,SAAKvB;AAD8F,GAAnG,CAZN,EAgBE,EAhBF,CAjBK,EAoCLY,EAAEC,GAAF,CAAMV,EAAN,EAAU,CAAC;AAACiB;AAAD,GAAD,KACRR,EAAEI,QAAF,CAAW,6DAAX,EAA0E;AACxEO,SAAKjB,2BAA2Bc,GAA3B;AADmE,GAA1E,CADF,CApCK,EA0CLR,EAAEC,GAAF,CAAMT,kBAAN,EAA0B,CAAC;AAACoB,YAAD;AAAWC;AAAX,GAAD,KACvBxB,uBACGW,EAAEI,QAAF,CAAW,oCAAX,EAAiD;AACjDQ,cAAUA;AADuC,GAAjD,CADH,GAIGZ,EAAEI,QAAF,CAAW,6DAAX,EAA0E;AAC1EO,SAAKvB,oBAAoByB;AADiD,GAA1E,CALN,CA1CK,EAoDL,CACE,EADF,EACM,EADN,EAEE,SAFF,EAGE,SAHF,CApDK,EAyDLN,IAzDK,CAyDA,IAzDA,CAAP;AA0DD,CA1ED","file":"packages/boilerplate-generator/template-web.browser.js.map","sourcesContent":["// Template function for rendering the boilerplate html for browsers\n\nexport default function({\n  meteorRuntimeConfig,\n  rootUrlPathPrefix,\n  inlineScriptsAllowed,\n  css,\n  js,\n  additionalStaticJs,\n  htmlAttributes,\n  bundledJsCssUrlRewriteHook,\n  head,\n  body,\n  dynamicHead,\n  dynamicBody,\n}) {\n  return [].concat(\n    [\n      '<html' +_.map(htmlAttributes, (value, key) =>\n        _.template(' <%= attrName %>=\"<%- attrValue %>\"')({\n          attrName: key,\n          attrValue: value\n        })\n      ).join('') + '>',\n      '<head>'\n    ],\n\n    _.map(css, ({url}) =>\n      _.template('  <link rel=\"stylesheet\" type=\"text/css\" class=\"__meteor-css__\" href=\"<%- href %>\">')({\n        href: bundledJsCssUrlRewriteHook(url)\n      })\n    ),\n\n    [\n      head,\n      dynamicHead,\n      '</head>',\n      '<body>',\n      body,\n      dynamicBody,\n      '',\n      (inlineScriptsAllowed\n        ? _.template('  <script type=\"text/javascript\">__meteor_runtime_config__ = JSON.parse(decodeURIComponent(<%= conf %>))</script>')({\n          conf: meteorRuntimeConfig\n        })\n        : _.template('  <script type=\"text/javascript\" src=\"<%- src %>/meteor_runtime_config.js\"></script>')({\n          src: rootUrlPathPrefix\n        })\n      ) ,\n      ''\n    ],\n\n    _.map(js, ({url}) =>\n      _.template('  <script type=\"text/javascript\" src=\"<%- src %>\"></script>')({\n        src: bundledJsCssUrlRewriteHook(url)\n      })\n    ),\n\n    _.map(additionalStaticJs, ({contents, pathname}) => (\n      (inlineScriptsAllowed\n        ? _.template('  <script><%= contents %></script>')({\n          contents: contents\n        })\n        : _.template('  <script type=\"text/javascript\" src=\"<%- src %>\"></script>')({\n          src: rootUrlPathPrefix + pathname\n        }))\n    )),\n\n    [\n      '', '',\n      '</body>',\n      '</html>'\n    ],\n  ).join('\\n');\n}\n\n"]},"hash":"6031c3de4c3e69f532b93c8ff2e249ec51e0dfe2"}
