{"metadata":{"usedHelpers":[],"marked":[],"modules":{"imports":[{"source":"react","imported":["default","Component","PropTypes"],"specifiers":[{"kind":"named","imported":"default","local":"React"},{"kind":"named","imported":"Component","local":"Component"},{"kind":"named","imported":"PropTypes","local":"PropTypes"}]}],"exports":{"exported":["Task"],"specifiers":[{"kind":"local","local":"Task","exported":"default"}]}}},"options":{"filename":"import/ui/Task.jsx","filenameRelative":"import/ui/Task.jsx","env":{"development":{"plugins":[]}},"retainLines":false,"highlightCode":true,"suppressDeprecationMessages":false,"presets":[],"plugins":[[[],null],[[],null],[[],null],[[],null],[[],null],[[],null],[[],{"generateLetDeclarations":true,"enforceStrictMode":false}],[[],{"polyfill":false}],[[],null],[[],null],[[],null],[[],{"useNativeAsyncAwait":false}],[[],null],[[],null],[[],{"allowTopLevelThis":true,"strict":false,"loose":true}]],"ignore":[],"code":true,"metadata":true,"ast":true,"comments":true,"compact":false,"minified":false,"sourceMap":true,"sourceMaps":true,"sourceMapTarget":"import/ui/Task.jsx.map","sourceFileName":"import/ui/Task.jsx","babelrc":false,"sourceType":"module","moduleIds":false,"passPerPreset":false,"parserOpts":false,"generatorOpts":false,"basename":"Task"},"ignored":false,"code":"module.export({\n  default: () => Task\n});\nlet React, Component, PropTypes;\nmodule.watch(require(\"react\"), {\n  default(v) {\n    React = v;\n  },\n\n  Component(v) {\n    Component = v;\n  },\n\n  PropTypes(v) {\n    PropTypes = v;\n  }\n\n}, 0);\n\nclass Task extends Component {\n  render() {\n    return React.createElement(\n      \"li\",\n      null,\n      this.props.task.text\n    );\n  }\n\n}\n\nTask.propTypes = {\n  // This component gets the task to display through a React prop.\n  // We can use propTypes to indicate it is required\n  task: PropTypes.object.isRequired\n};","map":{"version":3,"sources":["import/ui/Task.jsx"],"names":["module","export","default","Task","React","Component","PropTypes","watch","require","v","render","props","task","text","propTypes","object","isRequired"],"mappings":"AAAAA,OAAOC,MAAP,CAAc;AAACC,WAAQ,MAAIC;AAAb,CAAd;AAAkC,IAAIC,KAAJ,EAAUC,SAAV,EAAoBC,SAApB;AAA8BN,OAAOO,KAAP,CAAaC,QAAQ,OAAR,CAAb,EAA8B;AAACN,UAAQO,CAAR,EAAU;AAACL,YAAMK,CAAN;AAAQ,GAApB;;AAAqBJ,YAAUI,CAAV,EAAY;AAACJ,gBAAUI,CAAV;AAAY,GAA9C;;AAA+CH,YAAUG,CAAV,EAAY;AAACH,gBAAUG,CAAV;AAAY;;AAAxE,CAA9B,EAAwG,CAAxG;;AAGjD,MAAMN,IAAN,SAAmBE,SAAnB,CAA6B;AAC1CK,WAAS;AACP,WACE;AAAA;AAAA;AAAK,WAAKC,KAAL,CAAWC,IAAX,CAAgBC;AAArB,KADF;AAGD;;AALyC;;AAQ5CV,KAAKW,SAAL,GAAiB;AACf;AACA;AACAF,QAAMN,UAAUS,MAAV,CAAiBC;AAHR,CAAjB","file":"import/ui/Task.jsx.map","sourcesContent":["import React, { Component, PropTypes } from 'react';\n \n// Task component - represents a single todo item\nexport default class Task extends Component {\n  render() {\n    return (\n      <li>{this.props.task.text}</li>\n    );\n  }\n}\n \nTask.propTypes = {\n  // This component gets the task to display through a React prop.\n  // We can use propTypes to indicate it is required\n  task: PropTypes.object.isRequired,\n};"]},"hash":"60cf3dde0069ba43e0da1404d413aab365590aa6"}
