{"metadata":{"usedHelpers":[],"marked":[],"modules":{"imports":[],"exports":{"exported":[],"specifiers":[]}}},"options":{"filename":"packages/http/deprecated.js","filenameRelative":"packages/http/deprecated.js","env":{"development":{"plugins":[]}},"retainLines":false,"highlightCode":true,"suppressDeprecationMessages":false,"presets":[],"plugins":[[[],null],[[],null],[[],null],[[],null],[[],null],[[],null],[[],{"generateLetDeclarations":true,"enforceStrictMode":false}],[[],{"polyfill":false}],[[],null],[[],null],[[],null],[[],{"useNativeAsyncAwait":false}],[[],null],[[],null],[[],{"allowTopLevelThis":true,"strict":false,"loose":true}]],"ignore":[],"code":true,"metadata":true,"ast":true,"comments":true,"compact":false,"minified":false,"sourceMap":true,"sourceMaps":true,"sourceMapTarget":"packages/http/deprecated.js.map","sourceFileName":"packages/http/deprecated.js","babelrc":false,"sourceType":"module","moduleIds":false,"passPerPreset":false,"parserOpts":false,"generatorOpts":false,"basename":"deprecated"},"ignored":false,"code":"// The HTTP object used to be called Meteor.http.\n// XXX COMPAT WITH 0.6.4\nMeteor.http = HTTP;","map":{"version":3,"sources":["packages/http/deprecated.js"],"names":["Meteor","http","HTTP"],"mappings":"AAAA;AACA;AACAA,OAAOC,IAAP,GAAcC,IAAd","file":"packages/http/deprecated.js.map","sourcesContent":["// The HTTP object used to be called Meteor.http.\n// XXX COMPAT WITH 0.6.4\nMeteor.http = HTTP;\n"]},"hash":"6faacac71c178cbc20f53b96216e087d80638cda"}
